{
    "model_name": "random_SHO_05Dec24_1414",
    "masses": [
        0.10000000149011612,
        0.20000000298023224,
        0.30000001192092896,
        0.4000000059604645,
        0.5,
        0.6000000238418579,
        0.699999988079071,
        0.800000011920929,
        0.8999999761581421,
        1.0,
        1.100000023841858,
        1.1999999284744263,
        1.2999999523162842,
        1.399999976158142,
        1.5,
        1.600000023841858,
        1.7000000476837158,
        1.8000000715255737,
        1.9000000953674316,
        2.0,
        2.1000001430511475,
        2.200000047683716,
        2.299999952316284,
        2.4000000953674316,
        2.5,
        2.5999999046325684,
        2.700000047683716,
        2.799999952316284,
        2.9000000953674316,
        3.0,
        3.0999999046325684,
        3.200000047683716,
        3.299999952316284,
        3.4000000953674316,
        3.5,
        3.5999999046325684,
        3.700000047683716,
        3.799999952316284,
        3.9000000953674316,
        4.0,
        5.0,
        5.099999904632568,
        5.199999809265137,
        5.300000190734863,
        5.400000095367432,
        5.5,
        5.599999904632568,
        5.699999809265137,
        5.800000190734863,
        5.900000095367432,
        6.0,
        6.100000381469727,
        6.200000286102295,
        6.300000190734863,
        6.400000095367432,
        6.5,
        6.599999904632568,
        6.699999809265137,
        6.799999713897705,
        6.900000095367432,
        7.0,
        7.099999904632568,
        7.199999809265137,
        7.299999713897705,
        7.400000095367432,
        7.5,
        7.599999904632568,
        7.700000286102295,
        7.800000190734863,
        7.900000095367432,
        8.0,
        8.100000381469727,
        8.199999809265137,
        8.300000190734863,
        8.399999618530273,
        8.5,
        8.59999942779541,
        8.699999809265137,
        8.800000190734863,
        8.899999618530273,
        9.0,
        9.100000381469727,
        9.199999809265137,
        9.300000190734863,
        9.399999618530273,
        9.5,
        9.600000381469727,
        9.699999809265137,
        9.800000190734863,
        9.899999618530273,
        10.0
    ],
    "num_train": 100000,
    "num_val": 10000,
    "min_seq_length": 10,
    "max_seq_length": 200,
    "dt": 0.1,
    "bs": 512,
    "num_epoch": 200,
    "max_iters": 39062.5,
    "learning_rate": 0.001,
    "weight_decay": 0.1,
    "beta1": 0.9,
    "beta2": 0.95,
    "grad_clip": 1.0,
    "warmup_iters": 3906.25,
    "lr_decay_iters": 39062.5,
    "min_lr": 6e-05
}